{
  "sources": [
    {
      "name": "Kodinerds repo",
      "description": "Repository contenente addon sviluppati e mantenuti dalla community, come DAZN, DMax, Playlist Loader, Youtube-dl Control e altri.",
      "url": "https://repo.kodinerds.net",
      "telegram": ""
    },
    {
      "name": "The Crew repo",
      "description": "Repo ufficiale per l'addon The Crew",
      "url": "https://team-crew.github.io/",
      "telegram": "https://t.me/joinchat/Lkjo-xUTCNdY8FsChZOdHg"
    },
    {
      "name": "S4Me repo",
      "description": "Repo per l'addon Stream4Me: ricerca film/serie TV da siti italiani e internazionali.",
      "url": "https://stream4me.github.io/repo/",
      "telegram": "https://t.me/stream4me_addon"
    },
    {
      "name": "Mandrakodi repo",
      "description": "Repo per l'addon Mandrakodi: eventi sportivi live, VOD (inclusi contenuti vintage e XXX), canali DTT, regionali, sportivi, Samsung TV, Pluto TV e webcam.",
      "url": "https://mandrakodi.github.io/",
      "telegram": "https://t.me/mandrakodi_support"
    },
    {
      "name": "WLTV repo",
      "description": "Repo per l'addon WLTV: personalizzazione liste IPTV dei canali DTT, sezione globale di canali TV e webcam.",
      "url": "https://worldlivetv.github.io/repo/",
      "telegram": "https://t.me/WorldLiveTV"
    },
    {
      "name": "The Groove 360 repo",
      "description": "Repo per l'addon The Groove 360: streaming da siti principali, sezioni per canali TV free/pay, funzionalità estese tramite script integrati.",
      "url": "https://thegroove360.org/addons/",
      "telegram": "https://t.me/thegroove360group"
    },
    {
      "name": "Bugatsinho repo (Sporthd)",
      "description": "Repo per l'addon Sporthd: contenuti sportivi in streaming.",
      "url": "https://bugatsinho.github.io/repo/",
      "telegram": "https://t.me/joinchat/ETXTo1LHC4mkgdM1ysbH6g"
    },
    {
      "name": "Sandmann79 repo (Amazon VOD)",
      "description": "Repo per l'addon Amazon VOD: accesso alla piattaforma ufficiale tramite account registrato (login richiesto).",
      "url": "https://api.github.com/repos/Sandmann79/xbmc/releases/tags/Repository",
      "telegram": ""
    },
    {
      "name": "Castagnait repo (Netflix)",
      "description": "Repo per l'addon Netflix: accesso alla piattaforma ufficiale tramite account registrato (login richiesto).",
      "url": "https://castagnait.github.io/repository.castagnait/",
      "telegram": ""
    },
    {
      "name": "Jurialmunkey repo (TheMovieDb Helper e Skin Artic)",
      "description": "Repo per TheMovieDb Helper e Skin Artic: strumenti per la gestione di librerie multimediali e skin personalizzate.",
      "url": "https://jurialmunkey.github.io/repository.jurialmunkey/",
      "telegram": ""
    },
    {
      "name": "Dobbelina repo (Cumination)",
      "description": "Repo per l'addon Cumination: contenuti per adulti da numerosi siti.",
      "url": "https://dobbelina.github.io",
      "telegram": ""
     },
    {
      "name": "Elementum repo",
      "description": "Repo per l'addon Elementum: streaming P2P di contenuti video.",
      "url": "https://github.com/ElementumOrg/repository.elementumorg/releases/",
      "telegram": ""
    },
    {
      "name": "Digitalking repo",
      "description": "Utilizzando OptiKlean, è possibile: liberare spazio su disco rimuovendo files temporanei e obsoleti, eliminare residui di addon disabilitati e disinstallati, ridurre la frammentazione dei database SQLite, migliorare sensibilmente la velocità di risposta dell’interfaccia e la stabilità generale del sistema. Con un’interfaccia semplice ma potente, e funzionalità automatizzabili all’avvio di Kodi, OptiKlean è lo strumento ideale per mantenere il proprio media center sempre efficiente.",
      "url": "https://www.digitalking.it/kodi-repo/",
      "telegram": "https://t.me/ItalianSpaghettiGeeks"
    },
    {
      "name": "Rock Clean",
      "description": "addon per la pulizia su Kodi",
      "url": "http://www.rockodi.com",
      "telegram": ""
    }
  ]
}
