{
  "sources": [
    {
      "name": "Kodinerds Repo",
      "description": "Repository contenente addon sviluppati e mantenuti dalla community, come DAZN, DMax, Playlist Loader, Youtube-dl Control e altri.",
      "url": "https://repo.kodinerds.net",
      "telegram": ""
    },
    {
      "name": "The Crew Repo",
      "description": "Repo ufficiale per l'addon The Crew",
      "url": "https://team-crew.github.io/",
      "telegram": "https://t.me/joinchat/Lkjo-xUTCNdY8FsChZOdHg"
    },
    {
      "name": "S4Me Repo",
      "description": "Repo per l'addon Stream4Me: ricerca film/serie TV da siti italiani e internazionali.",
      "url": "https://stream4me.github.io/repo/",
      "telegram": "https://t.me/stream4me_addon"
    },
    {
      "name": "Mandrakodi Repo",
      "description": "Repo per l'addon Mandrakodi: eventi sportivi live, VOD (inclusi contenuti vintage e XXX), canali DTT, regionali, sportivi, Samsung TV, Pluto TV e webcam. Accesso VIP via Telegram.",
      "url": "https://mandrakodi.github.io/",
      "telegram": "https://t.me/mandrakodi_support"
    },
    {
      "name": "WLTV Repo",
      "description": "Repo per l'addon WLTV: personalizzazione liste IPTV dei canali DTT, sezione globale di canali TV e webcam.",
      "url": "https://worldlivetv.github.io/repo/",
      "telegram": "https://t.me/WorldLiveTV"
    },
    {
      "name": "The Groove 360 Repo",
      "description": "Repo per l'addon The Groove 360: streaming da siti principali, sezioni per canali TV free/pay, funzionalità estese tramite script integrati.",
      "url": "https://thegroove360.org/addons/",
      "telegram": "https://t.me/thegroove360group"
    },
    {
      "name": "Bugatsinho Repo (Sporthd)",
      "description": "Repo per l'addon Sporthd: contenuti sportivi in streaming.",
      "url": "https://bugatsinho.github.io/repo/",
      "telegram": "https://t.me/joinchat/ETXTo1LHC4mkgdM1ysbH6g"
    },
    {
      "name": "Sandmann79 Repo (Amazon VOD)",
      "description": "Repo per l'addon Amazon VOD: accesso alla piattaforma ufficiale tramite account registrato (login richiesto).",
      "url": "https://api.github.com/repos/Sandmann79/xbmc/releases/tags/Repository",
      "telegram": ""
    },
    {
      "name": "Castagnait Repo (Netflix)",
      "description": "Repo per l'addon Netflix: accesso alla piattaforma ufficiale tramite account registrato (login richiesto).",
      "url": "https://castagnait.github.io/repository.castagnait/",
      "telegram": ""
    },
    {
      "name": "Jurialmunkey Repo (TheMovieDb Helper e Skin Artic)",
      "description": "Repo per TheMovieDb Helper e Skin Artic: strumenti per la gestione di librerie multimediali e skin personalizzate.",
      "url": "https://jurialmunkey.github.io/repository.jurialmunkey/",
      "telegram": ""
    }
  ]
}