<?xml version="1.0" encoding="UTF-8" standalone="yes"?>
<addon id="plugin.program.chiudipulito" name="ChiudiPulito" version="1.0.0" provider-name="Androide">
    <requires>
        <import addon="xbmc.python" version="3.0.0"/>
    </requires>
    <extension point="xbmc.python.pluginsource" library="default.py">
        <provides>executable</provides>
    </extension>
    <extension point="xbmc.service" library="service.py" start="startup"/>
    <extension point="xbmc.addon.metadata">
        <summary lang="it_IT">Chiude Kodi in modo pulito</summary>
        <summary lang="en_GB">Clean Kodi exit</summary>
        <description lang="it_IT">Chiude automaticamente Kodi dopo inattività e intercetta il tasto Esci per garantire una chiusura pulita dell'applicazione. Utile per Fire TV Stick e dispositivi Android.</description>
        <description lang="en_GB">Automatically closes Kodi after inactivity and intercepts the Exit button to ensure a clean application shutdown. Perfect for Fire TV Stick and Android devices.</description>
        <platform>all</platform>
        <license>GPL-3.0</license>
        <forum></forum>
        <website></website>
        <email></email>
        <source></source>
        <news>v1.0.0 (2025-01-18)
- Release iniziale
- Chiusura automatica dopo inattività (configurabile)
- Intercetta tasto Esci per chiusura pulita
- Doppia notifica (1-5 min + 30 sec prima)
- Non chiude durante riproduzione video</news>
        <assets>
            <icon>icon.png</icon>
            <fanart>fanart.jpg</fanart>
        </assets>
    </extension>
</addon>
