<keymap>
    <!-- 
    ChiudiPulito - Esempio Keymap
    
    Copia questo file in: userdata/keymaps/chiudipulito.xml
    Poi riavvia Kodi
    
    Questo file intercetta il tasto ESC/Esci e chiama ChiudiPulito
    per garantire una chiusura pulita di Kodi
    -->
    
    <global>
        <keyboard>
            <!-- Tasto ESC su tastiera -->
            <escape>RunScript(plugin.program.chiudipulito)</escape>
        </keyboard>
    </global>
    
    <FullscreenVideo>
        <keyboard>
            <!-- Durante riproduzione video, ESC ferma il video -->
            <escape>Stop</escape>
        </keyboard>
    </FullscreenVideo>
</keymap>
